{
  "project_info": {
    "project_number": "156620782730",
    "project_id": "sendcode-b37ef",
    "storage_bucket": "sendcode-b37ef.appspot.com"
  },
  "client": [
    {
      "client_info": {
        "mobilesdk_app_id": "1:156620782730:android:eef4efcb2a7bcdce478173",
        "android_client_info": {
          "package_name": "com.example.pw3"
        }
      },
      "oauth_client": [
        {
          "client_id": "156620782730-pebl8tffc77nbd116qloh6l7q4cf1vo9.apps.googleusercontent.com",
          "client_type": 3
        }
      ],
      "api_key": [
        {
          "current_key": "AIzaSyCQbnS0O_bQlyptZzz-HgjLz3IXjIC4hPo"
        }
      ],
      "services": {
        "appinvite_service": {
          "other_platform_oauth_client": [
            {
              "client_id": "156620782730-pebl8tffc77nbd116qloh6l7q4cf1vo9.apps.googleusercontent.com",
              "client_type": 3
            }
          ]
        }
      }
    }
  ],
  "configuration_version": "1"
}